<xml id="toolbox" style="display: none">
  <category id="catVariables" custom="VARIABLE"></category>
  <category id="catMath">
    <block type="math_number"></block>
  </category>
  <category id="catConsole">
    <block type="getdate"></block>
    <block type="gettime"></block>
  </category>
  <sep></sep>
  <sep></sep>
  <category id="catBoard">
    <block type="board_server">
      <value name="server_">
        <block type="text"></block>
      </value>
    </block>
    <block type="board_ready">
      <value name="device_">
        <block type="text"></block>
      </value>
    </block>
  </category>
  <category id="catDht">
    <block type="variables_set">
      <field name="VAR">dht</field>
      <value name="VALUE">
        <block type="dht_new">
          <field name="pin_">11</field>
        </block>
      </value>
    </block>
    <block type="dht_get">
      <value name="time">
        <block type="math_number">
          <field name="NUM">1000</field>
        </block>
      </value>
    </block>
    <block type="dht_get_number"></block>
  </category>
  <category id="catDatabase">
    <block type="data_firebase">
      <value name="name_">
        <block type="variables_get">
          <field name="VAR">myFirebase</field>
        </block>
      </value>
    </block>
    <block type="data_firebase_write"></block>
    <block type="data_firebase_data"></block>
    <block type="data_firebase_clear"></block>
  </category>
  <category id="catTutorials">
    <block type="tutorial_dht_show"></block>
  </category>
  <sep></sep>
</xml>