<xml id="toolbox" style="display: none">
  <category id="catVariables" custom="VARIABLE"></category>
  <sep></sep>
  <sep></sep>
  <category id="catBoard">
    <block type="board_server">
      <value name="server_">
        <block type="text"></block>
      </value>
    </block>
    <block type="board_ready">
      <value name="device_">
        <block type="text"></block>
      </value>
    </block>
  </category>
    <category id="catIRRecv">
      <block type="variables_set">
        <field name="VAR">irrecv</field>
        <value name="VALUE">
          <block type="irrecv_new">
            <field name="pin_">10</field>
          </block>
        </value>
      </block>
      <block type="irrecv_on"></block>
      <block type="irrecv_val"></block>
      <block type="irrecv_off"></block>
    </category>
  <category id="catTutorials">
    <block type="tutorial_irrecv_code"></block>
  </category>
  <sep></sep>
</xml>