<xml id="toolbox" style="display: none">
  <category id="catVariables" custom="VARIABLE"></category>
  <category id="catLogic">
    <block type="controls_if"></block>
    <block type="logic_compare"></block>
  </category>
  <category id="catMath">
    <block type="math_number"></block>
  </category>
  <sep></sep>
  <sep></sep>
  <category id="catBoard">
    <block type="board_server">
      <value name="server_">
        <block type="text"></block>
      </value>
    </block>
    <block type="board_ready">
      <value name="device_">
        <block type="text"></block>
      </value>
    </block>
  </category>
    <category id="catLed">
      <block type="variables_set">
        <field name="VAR">led</field>
        <value name="VALUE">
          <block type="led_new">
            <field name="pin_">10</field>
          </block>
        </value>
      </block>
      <block type="led_state">
        <field name="led_">led</field>
      </block>
    </category>
    <category id="catPhotocell">
      <block type="variables_set">
        <field name="VAR">photocell</field>
        <value name="VALUE">
          <block type="photocell_new">
            <field name="pin_">5</field>
          </block>
        </value>
      </block>
      <block type="photocell_detected"></block>
      <block type="photocell_val"></block>
    </category>
  <category id="catTutorials">
    <block type="photocell_show_number"></block>
      <block type="math_round_digit"></block>
      <block type="math_value_conversion">
        <value name="omin_">
          <block type="math_number">
            <field name="NUM">0</field>
          </block>
        </value>
        <value name="omax_">
          <block type="math_number">
            <field name="NUM">1</field>
          </block>
        </value>
        <value name="cmin_">
          <block type="math_number">
            <field name="NUM">0</field>
          </block>
        </value>
        <value name="cmax_">
          <block type="math_number">
            <field name="NUM">100</field>
          </block>
        </value>
      </block>
    <block type="light"></block>
  </category>
  <sep></sep>
</xml>