<xml id="toolbox" style="display: none">
  <category id="catVariables" custom="VARIABLE"></category>
  <sep></sep>
  <category id="catMath">
    <block type="math_number"></block>
    <block type="math_arithmetic"></block>
  </category>
  <category id="catText">
    <block type="text"></block>
  </category>
  <sep></sep>
  <category id="catBoard">
    <block type="board_server">
      <value name="server_">
        <block type="text"></block>
      </value>
    </block>
    <block type="board_ready">
      <value name="device_">
        <block type="text"></block>
      </value>
    </block>
  </category>
  <category id="catUltraSonic">
    <block type="variables_set">
      <field name="VAR">ultrasonic</field>
      <value name="VALUE">
        <block type="ultrasonic_new">
          <field name="trig_">11</field>
          <field name="echo_">10</field>
        </block>
      </value>
    </block>
    <block type="ultrasonic_get">
      <value name="time">
        <block type="math_number">
          <field name="NUM">500</field>
        </block>
      </value>
    </block>
    <block type="ultrasonic_distance"></block>
  </category>
  <category id="catTutorials">
    <block type="ultrasonic_set_number"></block>
    <block type="ultrasonic_change_image_size"></block>
    <block type="ultrasonic_change_image_url">
      <value name="url">
        <block type="text"></block>
      </value>
    </block>
  </category>
  <sep></sep>
</xml>